source,target,title,img,statistics.subscriberCount
UCaWd5_7JhbQBe4dknZhsHJg,root,WatchMojo.com,https://yt3.ggpht.com/-kxwMJ5qEly4/AAAAAAAAAAI/AAAAAAAAAAA/OnWpxwxu64o/s240-c-k-no-mo-rj-c0xffffff/photo.jpg,14455819
UC8-Th83bH_thdKZDJCrn88g,root,The Tonight Show Starring Jimmy Fallon,https://yt3.ggpht.com/-x3CU1CXklQI/AAAAAAAAAAI/AAAAAAAAAAA/jPQ9GJeU53g/s240-c-k-no-mo-rj-c0xffffff/photo.jpg,13613649
UCJ0uqCI0Vqr2Rrt1HseGirg,root,The Late Late Show with James Corden,https://yt3.ggpht.com/-NhxJe9XKyV8/AAAAAAAAAAI/AAAAAAAAAAA/XkSb5PFaHP8/s240-c-k-no-mo-rj-c0xffffff/photo.jpg,10357764
UCdxi8d8qRsRyUi2ERYjYb-w,root,TheRichest,https://yt3.ggpht.com/-Vo6fXInmjkI/AAAAAAAAAAI/AAAAAAAAAAA/z6idR5VlfW4/s240-c-k-no-mo-rj-c0xffffff/photo.jpg,7760087
UCsT0YIqwnpJCM-mx7-gSA4Q,root,TEDx Talks,https://yt3.ggpht.com/-yjj95JJQEm8/AAAAAAAAAAI/AAAAAAAAAAA/qkyW_xNpwSo/s240-c-k-no-mo-rj-c0xffffff/photo.jpg,7290672
UCmPSwsooZq8an7xOLQQhAdw,root,Rémi GAILLARD,https://yt3.ggpht.com/-rXOW8zgOztQ/AAAAAAAAAAI/AAAAAAAAAAA/KpWkXq0P2bk/s240-c-k-no-mo-rj-c0xffffff/photo.jpg,6236381
UCpsSadsgX_Qk9i6i_bJoUwQ,root,Just For Laughs Gags,https://yt3.ggpht.com/-yNspfCq56dQ/AAAAAAAAAAI/AAAAAAAAAAA/il9bnycTmHI/s240-c-k-no-mo-rj-c0xffffff/photo.jpg,5762654
UCBUVGPsJzc1U8SECMgBaMFw,root,BuzzFeedBlue,https://yt3.ggpht.com/-GpCZ25vJ6CU/AAAAAAAAAAI/AAAAAAAAAAA/6qGF_ZTSSf0/s240-c-k-no-mo-rj-c0xffffff/photo.jpg,5696677
UCH9ciCUcWavMsFcAJtLUSyw,root,Six Pack Shortcuts & Abs After 40,https://yt3.ggpht.com/-oyuH_rKvHMM/AAAAAAAAAAI/AAAAAAAAAAA/Xxlc28Mtr8s/s240-c-k-no-mo-rj-c0xffffff/photo.jpg,4385052
UC1Ydgfp2x8oLYG66KZHXs1g,root,TheTalko,https://yt3.ggpht.com/-Azyy2iQweLo/AAAAAAAAAAI/AAAAAAAAAAA/12fu4XBBIyU/s240-c-k-no-mo-rj-c0xffffff/photo.jpg,3308961
UCe0TLA0EsQbE-MjuHXevj2A,root,ATHLEAN-X™,https://yt3.ggpht.com/-tN0EMmN9rXc/AAAAAAAAAAI/AAAAAAAAAAA/KQgPgMaouVA/s240-c-k-no-mo-rj-c0xffffff/photo.jpg,3187954
UCpWaR3gNAQGsX48cIlQC0qw,root,Tibo InShape,https://yt3.ggpht.com/-Zbx5nbYMCM8/AAAAAAAAAAI/AAAAAAAAAAA/YZ4Lebmnjz0/s240-c-k-no-mo-rj-c0xffffff/photo.jpg,3156389
UCXZpQgX1897wYDLtvzmgyIA,root,Facts Verse,https://yt3.ggpht.com/-eAnVcIsal7I/AAAAAAAAAAI/AAAAAAAAAAA/T86PKpUhr8g/s240-c-k-no-mo-rj-c0xffffff/photo.jpg,2944908
UCfwx98Wty7LhdlkxL5PZyLA,root,Barcroft TV,https://yt3.ggpht.com/-r5rStE9sVkM/AAAAAAAAAAI/AAAAAAAAAAA/xug45fuacaM/s240-c-k-no-mo-rj-c0xffffff/photo.jpg,2898908
UCP-Ng5SXUEt0VE-TXqRdL6g,root,LEGO,https://yt3.ggpht.com/-8hF1HXdXYJU/AAAAAAAAAAI/AAAAAAAAAAA/CMAYw_AboXg/s240-c-k-no-mo-rj-c0xffffff/photo.jpg,2740770
UCBINYCmwE29fBXCpUI8DgTA,root,MostAmazingTop10,https://yt3.ggpht.com/-3aPRi3KJKTE/AAAAAAAAAAI/AAAAAAAAAAA/GWjs0ROL3W0/s240-c-k-no-mo-rj-c0xffffff/photo.jpg,2306707
UCczKrLf-GTXBo1ThoiILP0A,root,Made My Day,https://yt3.ggpht.com/-IQxeN2AS214/AAAAAAAAAAI/AAAAAAAAAAA/GzGXsMDqFTg/s240-c-k-no-mo-rj-c0xffffff/photo.jpg,2272545
UCWqJpFqlX59OML324QIByZA,root,list25,https://yt3.ggpht.com/-MQbXabluyk4/AAAAAAAAAAI/AAAAAAAAAAA/1Bqerlwet8U/s240-c-k-no-mo-rj-c0xffffff/photo.jpg,2235817
UCP9ma95lbHYbjzPKTfiNgRQ,root,Rich Ferguson,https://yt3.ggpht.com/-xusB4k6G144/AAAAAAAAAAI/AAAAAAAAAAA/3cNKnMEaPi4/s240-c-k-no-mo-rj-c0xffffff/photo.jpg,2042786
UCupvZG-5ko_eiXAupbDfxWw,root,CNN,https://yt3.ggpht.com/-K12xTWC-rMI/AAAAAAAAAAI/AAAAAAAAAAA/2N_u5pcKB3w/s240-c-k-no-mo-rj-c0xffffff/photo.jpg,2013625
UCYenDLnIHsoqQ6smwKXQ7Hg,root,#Mind Warehouse,https://yt3.ggpht.com/-UYy7uj1BQvk/AAAAAAAAAAI/AAAAAAAAAAA/ON795zIGQY0/s240-c-k-no-mo-rj-c0xffffff/photo.jpg,1977875
UC97k3hlbE-1rVN8y56zyEEA,root,Bodybuilding.com,https://yt3.ggpht.com/-_lgYMhdenXw/AAAAAAAAAAI/AAAAAAAAAAA/5nB9vktGh6U/s240-c-k-no-mo-rj-c0xffffff/photo.jpg,1718272
UC0ASolYU_Yh3yShLFQC0stg,root,Strength Camp,https://yt3.ggpht.com/-ElZyEkz4aSw/AAAAAAAAAAI/AAAAAAAAAAA/qC2w8jCvQBk/s240-c-k-no-mo-rj-c0xffffff/photo.jpg,1716626
UCaLfMkkHhSA_LaCta0BzyhQ,root,Munchies,https://yt3.ggpht.com/-VXDa5ce1Zr0/AAAAAAAAAAI/AAAAAAAAAAA/yLyEVhQzQIw/s240-c-k-no-mo-rj-c0xffffff/photo.jpg,1672001
UCmvqviNx70U0l4ZcvUAXxhA,root,Top 5 Best,https://yt3.ggpht.com/-6JImLlgG8Aw/AAAAAAAAAAI/AAAAAAAAAAA/d7g-f-9y6bc/s240-c-k-no-mo-rj-c0xffffff/photo.jpg,1634369
UCRyIP2oznv4UPAl1jmKS5kA,root,Top 10s,https://yt3.ggpht.com/-KwA_Rk43u3A/AAAAAAAAAAI/AAAAAAAAAAA/HdNUja5mHDM/s240-c-k-no-mo-rj-c0xffffff/photo.jpg,1495050
UCqf2gzmKtH3PaAbt-qgFFsw,root,TLC,https://yt3.ggpht.com/-vF8in-RWfV0/AAAAAAAAAAI/AAAAAAAAAAA/Gp4QUJeR_IM/s240-c-k-no-mo-rj-c0xffffff/photo.jpg,1473694
UCYM3pKj9tFQOXc2XcJmj8Vg,root,TVNorge,https://yt3.ggpht.com/-tqdNLcSjDrk/AAAAAAAAAAI/AAAAAAAAAAA/LJqsW5wmaLI/s240-c-k-no-mo-rj-c0xffffff/photo.jpg,1418799
UCKf0UqBiCQI4Ol0To9V0pKQ,root,Buff Dudes,https://yt3.ggpht.com/-kzRmDxQlTXE/AAAAAAAAAAI/AAAAAAAAAAA/AdPSu20tFkY/s240-c-k-no-mo-rj-c0xffffff/photo.jpg,1355795
UCg_tz2iw7_-gf2xIL-DdM2g,root,Kali Muscle,https://yt3.ggpht.com/-9jM02ohG1f0/AAAAAAAAAAI/AAAAAAAAAAA/_k2DdUrkazs/s240-c-k-no-mo-rj-c0xffffff/photo.jpg,1316265
UCKBnlTTgEnhIXv_c4LvvyMQ,root,OWN,https://yt3.ggpht.com/-jxomUqSwSds/AAAAAAAAAAI/AAAAAAAAAAA/Lkw8UTmRVOw/s240-c-k-no-mo-rj-c0xffffff/photo.jpg,1240352
UC1XrG1M_hw8103zO2x-oivg,root,Galileo,https://yt3.ggpht.com/-zJCdn6Z16bI/AAAAAAAAAAI/AAAAAAAAAAA/qhvD3TERRe8/s240-c-k-no-mo-rj-c0xffffff/photo.jpg,1223802
UClKgO_YP3pcIVeav2g_k6hw,root,fightTIPS,https://yt3.ggpht.com/-_KiTjI3-BaU/AAAAAAAAAAI/AAAAAAAAAAA/hQeplbruQoQ/s240-c-k-no-mo-rj-c0xffffff/photo.jpg,1211247
UCRvdeRQgvtFEO-jOW1cckcg,root,AtilaKw,https://yt3.ggpht.com/-ONAxFFHOqd0/AAAAAAAAAAI/AAAAAAAAAAA/LH-oMeF9BKs/s240-c-k-no-mo-rj-c0xffffff/photo.jpg,1206511
UC2ccm1GajfSujz7T18d7cKA,root,BBCWorldwide,https://yt3.ggpht.com/-XgZ_NLs1S5E/AAAAAAAAAAI/AAAAAAAAAAA/211gk6NlXaU/s240-c-k-no-mo-rj-c0xffffff/photo.jpg,1179196
UC7A0YD115qc_1UdfHqExPTw,root,4FitClub,https://yt3.ggpht.com/-L5N77cj3pzc/AAAAAAAAAAI/AAAAAAAAAAA/1dloWpGZMjk/s240-c-k-no-mo-rj-c0xffffff/photo.jpg,1075084
UC7aE5B-ZFEAoumyj6FaJ7lg,root,Bradley Martyn,https://yt3.ggpht.com/-myID9geyXq8/AAAAAAAAAAI/AAAAAAAAAAA/iVK1TeZAJY4/s240-c-k-no-mo-rj-c0xffffff/photo.jpg,1068640
UC9k-yiEpRHMNVOnOi_aQK8w,root,Inside Edition,https://yt3.ggpht.com/--lW_9_RB4zo/AAAAAAAAAAI/AAAAAAAAAAA/0AiBW329YJQ/s240-c-k-no-mo-rj-c0xffffff/photo.jpg,958002
UCGcheBSVngQt09ubb0BZyJw,root,MySpass.com,https://yt3.ggpht.com/-i-ulOEp9OG4/AAAAAAAAAAI/AAAAAAAAAAA/jniWZ3OyFog/s240-c-k-no-mo-rj-c0xffffff/photo.jpg,952841
UCJHroOyfde4rZLTL2Zmk1UQ,root,Rich Piana,https://yt3.ggpht.com/-mTyOeLjynKw/AAAAAAAAAAI/AAAAAAAAAAA/AKnfVsI7u40/s240-c-k-no-mo-rj-c0xffffff/photo.jpg,917392
UCajXeitgFL-rb5-gXI-aG8Q,root,Great Big Story,https://yt3.ggpht.com/-ybvWrZtF4LA/AAAAAAAAAAI/AAAAAAAAAAA/TNawNQVzWsg/s240-c-k-no-mo-rj-c0xffffff/photo.jpg,888770
UCRwUbpPiiCKv2CDlXEal4Gw,root,Felipe Franco,https://yt3.ggpht.com/-KezNl4AKoF0/AAAAAAAAAAI/AAAAAAAAAAA/ltKCRs1CnsA/s240-c-k-no-mo-rj-c0xffffff/photo.jpg,869645
UC0ahC64OhIAS11TJX9Ig86A,root,STRENGTH WARS,https://yt3.ggpht.com/-6S7ipqyhYg4/AAAAAAAAAAI/AAAAAAAAAAA/VL9sk5vNZYs/s240-c-k-no-mo-rj-c0xffffff/photo.jpg,868340
UCa8xjJQ3lRRoUKOFJrmUZXQ,root,Stillcraft Animations,https://yt3.ggpht.com/-6JgozmthWdU/AAAAAAAAAAI/AAAAAAAAAAA/n9RbGULq0S0/s240-c-k-no-mo-rj-c0xffffff/photo.jpg,863342
UCOsU2kEp0XscDx6ccPHxPLA,root,Jeff Seid,https://yt3.ggpht.com/-VGpABwX9QWQ/AAAAAAAAAAI/AAAAAAAAAAA/3R4IRDB2PFQ/s240-c-k-no-mo-rj-c0xffffff/photo.jpg,830889
UCzwvRsqiMdBdf1jjePraHxg,root,They will Kill You,https://yt3.ggpht.com/-rlFZDFp9kXQ/AAAAAAAAAAI/AAAAAAAAAAA/6evuf8K4AVE/s240-c-k-no-mo-rj-c0xffffff/photo.jpg,828237
UCojyGFb8W2xxSsJ5c_XburQ,root,The Fumble,https://yt3.ggpht.com/-397o29Umn6Q/AAAAAAAAAAI/AAAAAAAAAAA/HugrqOC-_Ek/s240-c-k-no-mo-rj-c0xffffff/photo.jpg,798699
UCP8wqLAt5qYMmOwMB7-mvTQ,root,Frank Medrano,https://yt3.ggpht.com/-_hf4IrZ-4wY/AAAAAAAAAAI/AAAAAAAAAAA/bme-ryuQObE/s240-c-k-no-mo-rj-c0xffffff/photo.jpg,798483
UCbsCnqy9UkJQlUdJNMr5gZw,root,Bodytime,https://yt3.ggpht.com/-xH_-5JsTcQQ/AAAAAAAAAAI/AAAAAAAAAAA/b15Yd1ZgPC0/s240-c-k-no-mo-rj-c0xffffff/photo.jpg,789907
UCwNPPl_oX8oUtKVMLxL13jg,root,Connor Murphy,https://yt3.ggpht.com/-pGi8DwcS8zE/AAAAAAAAAAI/AAAAAAAAAAA/heOXeczQhPo/s240-c-k-no-mo-rj-c0xffffff/photo.jpg,779935
